symbol,date,open,high,low,close,volume,daily_return,volatility_5d,volatility_20d,sma_20,sma_50,market_cap,sector,industry,export_timestamp
CRWD,2025-04-21,363.79998779296875,372.0899963378906,355.6600036621094,362.69000244140625,2904900.0,,,,,,118632079360,Technology,Software - Infrastructure,2025-07-21T07:03:44.172751
CRWD,2025-04-22,368.8399963378906,374.7099914550781,362.8999938964844,368.45001220703125,2577100.0,0.01588135798299417,,,,,118632079360,Technology,Software - Infrastructure,2025-07-21T07:03:44.172751
CRWD,2025-04-23,382.5,396.30499267578125,382.5,385.75,3580600.0,0.046953418970842487,,,,,118632079360,Technology,Software - Infrastructure,2025-07-21T07:03:44.172751
CRWD,2025-04-24,386.0,414.8489990234375,386.0,414.04998779296875,4624900.0,0.07336354580160398,,,,,118632079360,Technology,Software - Infrastructure,2025-07-21T07:03:44.172751
CRWD,2025-04-25,414.69000244140625,425.7349853515625,412.6000061035156,424.8800048828125,3335500.0,0.0261563033670682,,,,,118632079360,Technology,Software - Infrastructure,2025-07-21T07:03:44.172751
CRWD,2025-04-28,424.8399963378906,428.0,415.3299865722656,423.0799865722656,2798700.0,-0.0042365333502651925,0.02975266838995778,,,,118632079360,Technology,Software - Infrastructure,2025-07-21T07:03:44.172751
CRWD,2025-04-29,424.489990234375,432.3699951171875,423.0799865722656,430.989990234375,2407100.0,0.01869623691301281,0.029404926563489326,,,,118632079360,Technology,Software - Infrastructure,2025-07-21T07:03:44.172751
CRWD,2025-04-30,419.010009765625,429.54998779296875,414.4100036621094,428.8699951171875,3187200.0,-0.004918896413428575,0.031934345689920596,,,,118632079360,Technology,Software - Infrastructure,2025-07-21T07:03:44.172751
CRWD,2025-05-01,431.510009765625,439.6300048828125,427.75,431.8800048828125,3080100.0,0.007018466667976009,0.013785681020740206,,,,118632079360,Technology,Software - Infrastructure,2025-07-21T07:03:44.172751
CRWD,2025-05-02,438.17999267578125,443.70001220703125,434.3999938964844,440.5799865722656,2708700.0,0.020144441953995562,0.01201372025212113,,,,118632079360,Technology,Software - Infrastructure,2025-07-21T07:03:44.172751
CRWD,2025-05-05,436.0,451.1499938964844,435.40399169921875,443.4700012207031,3281000.0,0.006559568606195665,0.01025406792578432,,,,118632079360,Technology,Software - Infrastructure,2025-07-21T07:03:44.172751
CRWD,2025-05-06,432.2019958496094,447.5,430.57000732421875,443.2099914550781,3431200.0,-0.00058630745013033,0.00953128731379301,,,,118632079360,Technology,Software - Infrastructure,2025-07-21T07:03:44.172751
CRWD,2025-05-07,425.4200134277344,429.8399963378906,417.06201171875,422.5199890136719,6673400.0,-0.04668216610704112,0.025695111119963816,,,,118632079360,Technology,Software - Infrastructure,2025-07-21T07:03:44.172751
CRWD,2025-05-08,427.4849853515625,432.906005859375,424.7200012207031,428.6300048828125,3619000.0,0.014460891858403713,0.02659916139665147,,,,118632079360,Technology,Software - Infrastructure,2025-07-21T07:03:44.172751
CRWD,2025-05-09,418.94500732421875,420.0,404.6300048828125,410.57000732421875,4693300.0,-0.04213423547782513,0.028599742734434656,,,,118632079360,Technology,Software - Infrastructure,2025-07-21T07:03:44.172751
CRWD,2025-05-12,419.69000244140625,429.4700012207031,415.1000061035156,429.44000244140625,3278500.0,0.04596048123477825,0.03907800484367985,,,,118632079360,Technology,Software - Infrastructure,2025-07-21T07:03:44.172751
CRWD,2025-05-13,428.2099914550781,448.0,427.0,440.20001220703125,3734600.0,0.025055909334140702,0.041537845122340156,,,,118632079360,Technology,Software - Infrastructure,2025-07-21T07:03:44.172751
CRWD,2025-05-14,442.5,445.4700012207031,431.260009765625,435.94000244140625,2847300.0,-0.009677441270995346,0.0338805028332957,,,,118632079360,Technology,Software - Infrastructure,2025-07-21T07:03:44.172751
CRWD,2025-05-15,423.5899963378906,433.8599853515625,422.0899963378906,431.8399963378906,2531900.0,-0.009404977934014402,0.03419926074493191,,,,118632079360,Technology,Software - Infrastructure,2025-07-21T07:03:44.172751
CRWD,2025-05-16,435.8699951171875,440.8900146484375,431.82000732421875,439.260009765625,2133400.0,0.017182320976884657,0.02378072059542677,,421.81499938964845,,118632079360,Technology,Software - Infrastructure,2025-07-21T07:03:44.172751
CRWD,2025-05-19,432.42999267578125,445.5,431.69000244140625,444.3500061035156,2015600.0,0.011587661577948882,0.015795484704679272,0.02781012865080267,425.8979995727539,,118632079360,Technology,Software - Infrastructure,2025-07-21T07:03:44.172751
CRWD,2025-05-20,441.8900146484375,443.010009765625,436.69500732421875,442.25,2132600.0,-0.0047260179468219254,0.0125401793604308,0.02798415452281773,429.58799896240237,,118632079360,Technology,Software - Infrastructure,2025-07-21T07:03:44.172751
CRWD,2025-05-21,436.79998779296875,450.6700134277344,432.05999755859375,434.739990234375,4321100.0,-0.016981367474561915,0.014383709555551748,0.027123699702176204,432.0374984741211,,118632079360,Technology,Software - Infrastructure,2025-07-21T07:03:44.172751
CRWD,2025-05-22,430.7149963378906,448.8800048828125,430.0,444.07000732421875,2590900.0,0.02146114298069013,0.016109531727795372,0.02245487118527523,433.5384994506836,,118632079360,Technology,Software - Infrastructure,2025-07-21T07:03:44.172751
CRWD,2025-05-23,438.5,459.92999267578125,437.3999938964844,455.5899963378906,4487800.0,0.025941830845741087,0.018031410701832343,0.022443654361711807,435.0739990234375,,118632079360,Technology,Software - Infrastructure,2025-07-21T07:03:44.172751
CRWD,2025-05-27,464.0,474.2300109863281,459.6000061035156,472.2200012207031,3997200.0,0.03650212914350037,0.02237719570771467,0.0235055499474638,437.5309997558594,,118632079360,Technology,Software - Infrastructure,2025-07-21T07:03:44.172751
CRWD,2025-05-28,472.9849853515625,473.4100036621094,465.9800109863281,468.8299865722656,2893400.0,-0.007178888314078646,0.02286907630111243,0.02346887198529357,439.4229995727539,,118632079360,Technology,Software - Infrastructure,2025-07-21T07:03:44.172751
CRWD,2025-05-29,472.0,472.489990234375,453.42498779296875,458.80999755859375,3324000.0,-0.02137232963047131,0.02429746422702558,0.02409565759901128,440.91999969482424,,118632079360,Technology,Software - Infrastructure,2025-07-21T07:03:44.172751
CRWD,2025-05-30,462.0299987792969,473.1199951171875,456.7650146484375,471.3699951171875,4488700.0,0.027375161015295246,0.02506164989798713,0.024668287367026955,442.89449920654295,,118632079360,Technology,Software - Infrastructure,2025-07-21T07:03:44.172751
CRWD,2025-06-02,471.0,479.9700012207031,465.5249938964844,479.1700134277344,3483400.0,0.016547549465060207,0.024113091112270946,0.024562451189308533,444.8240005493164,,118632079360,Technology,Software - Infrastructure,2025-07-21T07:03:44.172751
CRWD,2025-06-03,480.7650146484375,491.20001220703125,477.45001220703125,488.760009765625,7632200.0,0.020013765613771994,0.020504031678867732,0.024805026288681586,447.0885009765625,,118632079360,Technology,Software - Infrastructure,2025-07-21T07:03:44.172751
CRWD,2025-06-04,454.75,470.95001220703125,445.260009765625,460.55999755859375,15453600.0,-0.057697053039494794,0.03592943458692379,0.028512447149711864,447.9560012817383,,118632079360,Technology,Software - Infrastructure,2025-07-21T07:03:44.172751
CRWD,2025-06-05,462.32501220703125,468.6000061035156,452.7099914550781,462.94000244140625,6178300.0,0.005167632654657028,0.03447245937215585,0.026076374322518938,449.977001953125,,118632079360,Technology,Software - Infrastructure,2025-07-21T07:03:44.172751
CRWD,2025-06-06,463.1199951171875,478.46600341796875,463.1199951171875,468.4100036621094,4343000.0,0.011815788637525415,0.03227301922047648,0.026032023367814187,451.9660018920898,,118632079360,Technology,Software - Infrastructure,2025-07-21T07:03:44.172751
CRWD,2025-06-09,470.30999755859375,471.7699890136719,458.12799072265625,464.3900146484375,2724600.0,-0.008582201452238203,0.030813894257350077,0.02383883887367484,454.6570022583008,,118632079360,Technology,Software - Infrastructure,2025-07-21T07:03:44.172751
CRWD,2025-06-10,465.489990234375,470.010009765625,457.2300109863281,467.6499938964844,2472500.0,0.007019916762238676,0.0285514886162485,0.02195798400131985,456.5675018310547,,118632079360,Technology,Software - Infrastructure,2025-07-21T07:03:44.172751
CRWD,2025-06-11,466.0199890136719,479.94000244140625,465.552001953125,476.9800109863281,2756500.0,0.019950854723862044,0.01045289136596185,0.021735024351313588,458.40650177001953,,118632079360,Technology,Software - Infrastructure,2025-07-21T07:03:44.172751
CRWD,2025-06-12,474.0199890136719,488.7359924316406,473.0,481.7300109863281,3520200.0,0.009958488596152337,0.010453988634098282,0.021515301999450103,460.6960021972656,,118632079360,Technology,Software - Infrastructure,2025-07-21T07:03:44.172751
CRWD,2025-06-13,475.0,485.4949951171875,473.05999755859375,480.6199951171875,2610700.0,-0.002304228185551316,0.011065771284316071,0.021318796213148656,463.13500213623047,,118632079360,Technology,Software - Infrastructure,2025-07-21T07:03:44.172751
CRWD,2025-06-16,481.8399963378906,487.4599914550781,477.2799987792969,479.3900146484375,2710300.0,-0.0025591537623191885,0.009390180483962627,0.021210273377459874,465.1415023803711,,118632079360,Technology,Software - Infrastructure,2025-07-21T07:03:44.172751
CRWD,2025-06-17,479.45001220703125,493.20001220703125,474.0,492.0299987792969,3398700.0,0.02636680728556473,0.012996353383416075,0.021718014875475963,467.52550201416017,,118632079360,Technology,Software - Infrastructure,2025-07-21T07:03:44.172751
CRWD,2025-06-18,490.7099914550781,490.7099914550781,478.82000732421875,485.1600036621094,2830300.0,-0.013962553369167852,0.015329270445918327,0.022039074571271057,469.67100219726564,,118632079360,Technology,Software - Infrastructure,2025-07-21T07:03:44.172751
CRWD,2025-06-20,484.5400085449219,490.0,474.2900085449219,476.29998779296875,5183100.0,-0.01826204922554009,0.017410728532230052,0.022107671271467323,471.74900207519534,,118632079360,Technology,Software - Infrastructure,2025-07-21T07:03:44.172751
CRWD,2025-06-23,470.7550048828125,494.29998779296875,461.510009765625,491.80999755859375,4431700.0,0.03256353173027304,0.02331300731804541,0.022679767661589228,474.13600158691406,,118632079360,Technology,Software - Infrastructure,2025-07-21T07:03:44.172751
CRWD,2025-06-24,490.8999938964844,493.5,481.1199951171875,485.3800048828125,3633500.0,-0.013074139825746789,0.02458564881552267,0.022493938926310506,475.62550201416013,,118632079360,Technology,Software - Infrastructure,2025-07-21T07:03:44.172751
CRWD,2025-06-25,488.0799865722656,500.4100036621094,487.5450134277344,494.0899963378906,2957600.0,0.017944685334083887,0.02278352516600965,0.021414066730961617,476.71900177001953,,118632079360,Technology,Software - Infrastructure,2025-07-21T07:03:44.172751
CRWD,2025-06-26,497.0799865722656,506.3500061035156,494.0899963378906,505.2200012207031,3017000.0,0.02252627044729949,0.022619207247126714,0.021736134070593115,478.5385025024414,,118632079360,Technology,Software - Infrastructure,2025-07-21T07:03:44.172751
CRWD,2025-06-27,504.5899963378906,505.3699951171875,495.57000732421875,499.3299865722656,3466300.0,-0.011658316444729366,0.020796997504787182,0.0212429403388984,480.564501953125,,118632079360,Technology,Software - Infrastructure,2025-07-21T07:03:44.172751
CRWD,2025-06-30,502.625,510.0199890136719,499.7200012207031,509.30999755859375,2702800.0,0.019986804827880622,0.01789208595804845,0.020884644398690498,482.4615020751953,,118632079360,Technology,Software - Infrastructure,2025-07-21T07:03:44.172751
CRWD,2025-07-01,509.3699951171875,516.6199951171875,481.5,492.07000732421875,4089100.0,-0.033849699234289266,0.024829098176904082,0.0222949671890666,483.1065017700195,453.3966003417969,118632079360,Technology,Software - Infrastructure,2025-07-21T07:03:44.172751
CRWD,2025-07-02,491.0,496.5,489.1440124511719,496.1000061035156,2113200.0,0.008189889079424306,0.0237186661347916,0.02193394954727481,483.47350158691404,456.0648004150391,118632079360,Technology,Software - Infrastructure,2025-07-21T07:03:44.172751
CRWD,2025-07-03,499.989990234375,517.97998046875,499.989990234375,514.0999755859375,2654000.0,0.03628294549681188,0.027353630730213113,0.01850050640228686,486.15050048828124,458.97779968261716,118632079360,Technology,Software - Infrastructure,2025-07-21T07:03:44.172751
CRWD,2025-07-07,507.70001220703125,508.1549987792969,498.9100036621094,505.4599914550781,3269400.0,-0.01680603878849063,0.028165290357231573,0.019172554841955538,488.27649993896483,461.37199951171874,118632079360,Technology,Software - Infrastructure,2025-07-21T07:03:44.172751
CRWD,2025-07-08,507.6400146484375,509.385009765625,497.739990234375,507.7099914550781,2143300.0,0.004451390887581175,0.02660350892624722,0.019096789372023023,490.24149932861326,463.2451995849609,118632079360,Technology,Software - Infrastructure,2025-07-21T07:03:44.172751
CRWD,2025-07-09,512.0,513.9199829101562,507.0400085449219,513.510009765625,1869300.0,0.011423880577816181,0.018954596810358097,0.018914601727381977,492.69749908447267,465.0177996826172,118632079360,Technology,Software - Infrastructure,2025-07-21T07:03:44.172751
CRWD,2025-07-10,512.989990234375,514.5,486.57000732421875,487.1099853515625,4178700.0,-0.05141092464022645,0.03294207608334305,0.02274499778576457,493.6704986572266,466.29839965820315,118632079360,Technology,Software - Infrastructure,2025-07-21T07:03:44.172751
CRWD,2025-07-11,488.0,489.32598876953125,477.4700012207031,478.45001220703125,3384400.0,-0.017778270626665704,0.02453849585938549,0.0227675463060247,493.7439987182617,467.24760009765623,118632079360,Technology,Software - Infrastructure,2025-07-21T07:03:44.172751
CRWD,2025-07-14,466.82000732421875,480.7170104980469,463.5,476.17999267578125,3340500.0,-0.0047445281081270885,0.024788221933353186,0.022679921297117323,493.46649780273435,468.1938000488281,118632079360,Technology,Software - Infrastructure,2025-07-21T07:03:44.172751
CRWD,2025-07-15,479.0899963378906,480.7200012207031,470.5199890136719,473.2799987792969,2529100.0,-0.006090121258956138,0.023495022007387782,0.02271300884002356,493.09949798583983,469.0217999267578,118632079360,Technology,Software - Infrastructure,2025-07-21T07:03:44.172751
CRWD,2025-07-16,475.82000732421875,476.6499938964844,464.8349914550781,470.45001220703125,1980400.0,-0.005979518634983139,0.019844326312243685,0.02274200554713859,492.65249786376955,469.61920043945315,118632079360,Technology,Software - Infrastructure,2025-07-21T07:03:44.172751
CRWD,2025-07-17,470.3500061035156,474.30999755859375,466.94000244140625,469.8299865722656,2256600.0,-0.00131794158503018,0.006229918982234682,0.021832565466296108,491.542497253418,470.1464001464844,118632079360,Technology,Software - Infrastructure,2025-07-21T07:03:44.172751
CRWD,2025-07-18,472.30999755859375,477.260009765625,465.760009765625,475.9599914550781,2901200.0,0.013047283183295955,0.008095558096867394,0.021894033199076908,491.0824966430664,470.80140014648435,118632079360,Technology,Software - Infrastructure,2025-07-21T07:03:44.172751
SNOW,2025-04-21,142.0,142.13999938964844,135.37899780273438,137.0,3362100.0,,,,,,72367079424,Technology,Software - Application,2025-07-21T07:03:44.172751
SNOW,2025-04-22,138.35000610351562,141.49000549316406,137.36000061035156,140.22999572753906,2765200.0,0.023576611149920268,,,,,72367079424,Technology,Software - Application,2025-07-21T07:03:44.172751
SNOW,2025-04-23,146.30999755859375,151.8300018310547,146.30999755859375,147.38999938964844,5693200.0,0.05105900221248638,,,,,72367079424,Technology,Software - Application,2025-07-21T07:03:44.172751
SNOW,2025-04-24,149.2100067138672,159.1699981689453,149.0850067138672,158.66000366210938,6855500.0,0.0764638328185816,,,,,72367079424,Technology,Software - Application,2025-07-21T07:03:44.172751
SNOW,2025-04-25,157.8000030517578,160.57000732421875,156.10000610351562,158.39999389648438,4164100.0,-0.0016387858289650392,,,,,72367079424,Technology,Software - Application,2025-07-21T07:03:44.172751
SNOW,2025-04-28,158.27999877929688,159.8800048828125,156.52000427246094,158.9600067138672,2019000.0,0.003535434589402753,0.032951555095401895,,,,72367079424,Technology,Software - Application,2025-07-21T07:03:44.172751
SNOW,2025-04-29,159.50999450683594,161.60000610351562,158.38999938964844,160.35000610351562,2329400.0,0.008744333989306297,0.034378552984144425,,,,72367079424,Technology,Software - Application,2025-07-21T07:03:44.172751
SNOW,2025-04-30,156.0,159.5500030517578,154.375,159.49000549316406,3406600.0,-0.005363271453799556,0.03402497133281465,,,,72367079424,Technology,Software - Application,2025-07-21T07:03:44.172751
SNOW,2025-05-01,168.39500427246094,169.38999938964844,164.38299560546875,165.36000061035156,5105900.0,0.036804783466128255,0.016739308432858365,,,,72367079424,Technology,Software - Application,2025-07-21T07:03:44.172751
SNOW,2025-05-02,167.55999755859375,169.71800231933594,166.1060028076172,167.66000366210938,3332700.0,0.013909065331811687,0.015823480855167105,,,,72367079424,Technology,Software - Application,2025-07-21T07:03:44.172751
SNOW,2025-05-05,166.5,170.1999969482422,165.5,167.8699951171875,2496000.0,0.00125248389891075,0.016141438335171263,,,,72367079424,Technology,Software - Application,2025-07-21T07:03:44.172751
SNOW,2025-05-06,165.47999572753906,169.8249969482422,164.24000549316406,168.4499969482422,2294000.0,0.0034550655145357823,0.016501226074229842,,,,72367079424,Technology,Software - Application,2025-07-21T07:03:44.172751
SNOW,2025-05-07,168.75,171.6699981689453,167.32000732421875,170.55999755859375,1960900.0,0.01252597594881455,0.01409868185715395,,,,72367079424,Technology,Software - Application,2025-07-21T07:03:44.172751
SNOW,2025-05-08,173.0,176.4199981689453,171.52999877929688,173.97000122070312,3462500.0,0.019992986109992783,0.0077559399185256365,,,,72367079424,Technology,Software - Application,2025-07-21T07:03:44.172751
SNOW,2025-05-09,175.0,176.35800170898438,172.0,174.13999938964844,2595500.0,0.0009771694415845467,0.008354285932018665,,,,72367079424,Technology,Software - Application,2025-07-21T07:03:44.172751
SNOW,2025-05-12,181.16000366210938,182.6999969482422,177.6699981689453,180.5399932861328,4276500.0,0.036752003668979016,0.01443770515322768,,,,72367079424,Technology,Software - Application,2025-07-21T07:03:44.172751
SNOW,2025-05-13,180.6999969482422,184.2899932861328,179.97000122070312,181.02000427246094,4143900.0,0.0026587515463534217,0.014596834712842741,,,,72367079424,Technology,Software - Application,2025-07-21T07:03:44.172751
SNOW,2025-05-14,181.74000549316406,183.5,180.14999389648438,181.4499969482422,4642300.0,0.0023753876125980344,0.015623899611111306,,,,72367079424,Technology,Software - Application,2025-07-21T07:03:44.172751
SNOW,2025-05-15,180.0,183.32000732421875,178.6699981689453,182.97000122070312,3122800.0,0.008376987037891803,0.015095396062047451,,,,72367079424,Technology,Software - Application,2025-07-21T07:03:44.172751
SNOW,2025-05-16,182.60000610351562,184.25,181.6699981689453,183.0800018310547,3440000.0,0.0006011947839410503,0.015153821426886843,,165.87750015258788,,72367079424,Technology,Software - Application,2025-07-21T07:03:44.172751
SNOW,2025-05-19,181.91000366210938,183.10000610351562,179.94000244140625,182.0500030517578,3828000.0,-0.005625949142426534,0.005020752690769971,0.02114758100422674,168.13000030517577,,72367079424,Technology,Software - Application,2025-07-21T07:03:44.172751
SNOW,2025-05-20,183.5,183.60000610351562,181.5,182.8800048828125,4228500.0,0.004559197018078054,0.005182944926389547,0.021146554565056482,170.26250076293945,,72367079424,Technology,Software - Application,2025-07-21T07:03:44.172751
SNOW,2025-05-21,180.91000366210938,184.08999633789062,178.91000366210938,179.1199951171875,11101400.0,-0.0205599828588936,0.011332350196965612,0.02051884524662219,171.8490005493164,,72367079424,Technology,Software - Application,2025-07-21T07:03:44.172751
SNOW,2025-05-22,192.0,204.0,191.99000549316406,203.17999267578125,26194100.0,0.13432334867390283,0.06314862474644721,0.03151614579013321,174.075,,72367079424,Technology,Software - Application,2025-07-21T07:03:44.172751
SNOW,2025-05-23,198.5050048828125,205.39999389648438,197.6999969482422,200.0500030517578,11909700.0,-0.015405009040521223,0.0649270658350399,0.031996652745147736,176.15750045776366,,72367079424,Technology,Software - Application,2025-07-21T07:03:44.172751
SNOW,2025-05-27,202.60000610351562,208.30999755859375,202.0500030517578,206.35000610351562,9639000.0,0.031492141742821333,0.06344709846770753,0.03220842547738391,178.5270004272461,,72367079424,Technology,Software - Application,2025-07-21T07:03:44.172751
SNOW,2025-05-28,207.0,209.8000030517578,203.8699951171875,204.39999389648438,4370900.0,-0.00945002253139271,0.06497036284248021,0.03260704322726104,180.72949981689453,,72367079424,Technology,Software - Application,2025-07-21T07:03:44.172751
SNOW,2025-05-29,206.2899932861328,206.7100067138672,201.0800018310547,202.30999755859375,3800900.0,-0.01022503131261876,0.06333903828375169,0.03276639043608587,182.87049942016603,,72367079424,Technology,Software - Application,2025-07-21T07:03:44.172751
SNOW,2025-05-30,202.19000244140625,206.0,199.75,205.6699981689453,7077500.0,0.016608178789475847,0.02040128468465108,0.03228361757349813,184.8859992980957,,72367079424,Technology,Software - Application,2025-07-21T07:03:44.172751
SNOW,2025-06-02,205.6699981689453,210.44000244140625,204.41000366210938,210.1699981689453,4476900.0,0.021879710410185993,0.018934389143163935,0.03236493087556764,187.0114990234375,,72367079424,Technology,Software - Application,2025-07-21T07:03:44.172751
SNOW,2025-06-03,210.5,210.82000732421875,207.1999969482422,209.14999389648438,4063000.0,-0.004853234435682863,0.015272420522328854,0.032498459164756466,189.07549896240235,,72367079424,Technology,Software - Application,2025-07-21T07:03:44.172751
SNOW,2025-06-04,213.4250030517578,214.8300018310547,205.2899932861328,209.60000610351562,6648500.0,0.0021516242895707194,0.013753294969182378,0.03251679172208718,191.13299942016602,,72367079424,Technology,Software - Application,2025-07-21T07:03:44.172751
SNOW,2025-06-05,211.22999572753906,214.3699951171875,208.88999938964844,210.10000610351562,5230300.0,0.002385496113740837,0.011146865139268993,0.03257825944847496,193.1099998474121,,72367079424,Technology,Software - Application,2025-07-21T07:03:44.172751
SNOW,2025-06-06,211.4499969482422,213.0,209.39999389648438,210.83999633789062,3798900.0,0.003522085734782854,0.00998927536693407,0.03254581805968183,194.9534996032715,,72367079424,Technology,Software - Application,2025-07-21T07:03:44.172751
SNOW,2025-06-09,211.30999755859375,212.08999633789062,208.5,210.85000610351562,3548200.0,4.747564882778832e-05,0.0033228121074917708,0.03256023548503084,196.78899993896485,,72367079424,Technology,Software - Application,2025-07-21T07:03:44.172751
SNOW,2025-06-10,210.0749969482422,212.39700317382812,206.22000122070312,208.24000549316406,3598100.0,-0.012378470641685402,0.006563237007675148,0.03229435116905213,198.17400054931642,,72367079424,Technology,Software - Application,2025-07-21T07:03:44.172751
SNOW,2025-06-11,207.99000549316406,210.1999969482422,205.22999572753906,208.61000061035156,5140200.0,0.0017767725097359577,0.006522329639593235,0.03230208976138174,199.55350036621093,,72367079424,Technology,Software - Application,2025-07-21T07:03:44.172751
SNOW,2025-06-12,206.13999938964844,213.10000610351562,206.13999938964844,211.27999877929688,5138800.0,0.01279899410926344,0.009027094206935066,0.03229778418827868,201.04500045776368,,72367079424,Technology,Software - Application,2025-07-21T07:03:44.172751
SNOW,2025-06-13,208.0,212.3000030517578,207.44000244140625,208.17999267578125,3636500.0,-0.01467250152132904,0.011231568979315274,0.032696205602851816,202.30550003051758,,72367079424,Technology,Software - Application,2025-07-21T07:03:44.172751
SNOW,2025-06-16,210.30999755859375,211.0,207.0500030517578,209.1199951171875,2579600.0,0.004515335164173129,0.011653286568955822,0.032667913585737646,203.6074996948242,,72367079424,Technology,Software - Application,2025-07-21T07:03:44.172751
SNOW,2025-06-17,208.0,210.29800415039062,206.25999450683594,209.4499969482422,2217900.0,0.001578050108837159,0.009974216790190825,0.032559229414575536,204.97749938964844,,72367079424,Technology,Software - Application,2025-07-21T07:03:44.172751
SNOW,2025-06-18,210.36000061035156,212.6999969482422,209.47000122070312,212.0800018310547,4218200.0,0.012556719604357003,0.01121779175699335,0.03257025907731159,206.43749923706054,,72367079424,Technology,Software - Application,2025-07-21T07:03:44.172751
SNOW,2025-06-20,213.35000610351562,215.99000549316406,210.85000610351562,211.99000549316406,4246300.0,-0.0004243508917088912,0.009918252806957817,0.03194936879041103,208.08099975585938,,72367079424,Technology,Software - Application,2025-07-21T07:03:44.172751
SNOW,2025-06-23,209.625,214.8800048828125,207.36000061035156,213.7100067138672,3146800.0,0.008113595811754415,0.0051915301727665205,0.012291432649273074,208.60750045776368,,72367079424,Technology,Software - Application,2025-07-21T07:03:44.172751
SNOW,2025-06-24,219.48500061035156,224.61000061035156,219.25,223.13999938964844,7206500.0,0.04412518075677618,0.018050929770681685,0.014677893498162497,209.7620002746582,,72367079424,Technology,Software - Application,2025-07-21T07:03:44.172751
SNOW,2025-06-25,223.19000244140625,225.68299865722656,219.99000549316406,221.52000427246094,3550200.0,-0.007259994270944925,0.019818451614517178,0.013594712734266344,210.52050018310547,,72367079424,Technology,Software - Application,2025-07-21T07:03:44.172751
SNOW,2025-06-26,222.0500030517578,222.7899932861328,215.52999877929688,221.9199981689453,5086100.0,0.0018056784433444495,0.020243258889705254,0.013252992740609539,211.39650039672853,,72367079424,Technology,Software - Application,2025-07-21T07:03:44.172751
SNOW,2025-06-27,222.4250030517578,224.42999267578125,219.82000732421875,222.61000061035156,4924400.0,0.003109239577773204,0.019878512958236318,0.012817225625472795,212.4115005493164,,72367079424,Technology,Software - Application,2025-07-21T07:03:44.172751
SNOW,2025-06-30,224.39999389648438,225.50999450683594,222.61000061035156,223.77000427246094,3492400.0,0.0052109234038402175,0.01998868005223988,0.012517701716747215,213.31650085449218,,72367079424,Technology,Software - Application,2025-07-21T07:03:44.172751
SNOW,2025-07-01,218.89999389648438,223.16000366210938,214.4199981689453,215.97000122070312,5398100.0,-0.03485723243880612,0.016606670284350603,0.014582589937920939,213.60650100708008,191.3172003173828,72367079424,Technology,Software - Application,2025-07-21T07:03:44.172751
SNOW,2025-07-02,215.61000061035156,218.2899932861328,214.52000427246094,217.33999633789062,2363700.0,0.006343450985988985,0.01751944865088804,0.014542228882286621,214.0160011291504,192.92400024414061,72367079424,Technology,Software - Application,2025-07-21T07:03:44.172751
SNOW,2025-07-03,217.74000549316406,222.60499572753906,217.74000549316406,221.49000549316406,2761800.0,0.019094548749423845,0.02034973782552701,0.015035292346834688,214.61050109863282,194.54920043945313,72367079424,Technology,Software - Application,2025-07-21T07:03:44.172751
SNOW,2025-07-07,221.42999267578125,225.86000061035156,220.17999267578125,225.7899932861328,4090000.0,0.01941391343322474,0.022235554264219342,0.01548194808180469,215.39500045776367,196.1172003173828,72367079424,Technology,Software - Application,2025-07-21T07:03:44.172751
SNOW,2025-07-08,225.60000610351562,226.60000610351562,220.83999633789062,223.5,3412500.0,-0.010142138067344764,0.022910840590674948,0.015789627326333894,216.02800064086915,197.41400024414062,72367079424,Technology,Software - Application,2025-07-21T07:03:44.172751
SNOW,2025-07-09,224.60000610351562,224.75,220.92999267578125,221.89999389648438,2658400.0,-0.007158863997832721,0.014000383520987095,0.015942936165586206,216.58050003051758,198.68400024414063,72367079424,Technology,Software - Application,2025-07-21T07:03:44.172751
SNOW,2025-07-10,221.8300018310547,222.3000030517578,213.2239990234375,214.4199981689453,4794700.0,-0.03370885954610914,0.02236428145178075,0.017627580425224106,216.88949966430664,199.7932000732422,72367079424,Technology,Software - Application,2025-07-21T07:03:44.172751
SNOW,2025-07-11,213.47999572753906,215.49000549316406,209.4600067138672,210.83999633789062,3868600.0,-0.01669621239448915,0.019233021725521236,0.018096177826431515,217.0009994506836,200.8029998779297,72367079424,Technology,Software - Application,2025-07-21T07:03:44.172751
SNOW,2025-07-14,209.86500549316406,214.94000244140625,208.60000610351562,213.52000427246094,2863800.0,0.012711098373741958,0.016776811164901845,0.018093092006629796,217.1129997253418,201.88359985351562,72367079424,Technology,Software - Application,2025-07-21T07:03:44.172751
SNOW,2025-07-15,213.75,215.10000610351562,212.25,212.7899932861328,3249100.0,-0.0034189348619373394,0.017128400310421465,0.01776238576803394,217.34349975585937,202.83219970703124,72367079424,Technology,Software - Application,2025-07-21T07:03:44.172751
SNOW,2025-07-16,212.97999572753906,214.0,209.2530059814453,211.94000244140625,2789100.0,-0.003994505717116126,0.017301243968399133,0.017781851422879795,217.4845001220703,203.7177996826172,72367079424,Technology,Software - Application,2025-07-21T07:03:44.172751
SNOW,2025-07-17,211.75,214.02999877929688,210.30999755859375,211.5800018310547,2681800.0,-0.001698596801946728,0.010446995714445921,0.01778959314036508,217.59100036621095,204.59199981689454,72367079424,Technology,Software - Application,2025-07-21T07:03:44.172751
SNOW,2025-07-18,212.69000244140625,217.5399932861328,212.1999969482422,216.88999938964844,3383200.0,0.02509687830910301,0.012818583763970035,0.01844020727191429,217.8315002441406,205.56079986572266,72367079424,Technology,Software - Application,2025-07-21T07:03:44.172751
PLTR,2025-04-21,92.83999633789062,96.4749984741211,89.30999755859375,90.80000305175781,83831100.0,,,,,,362293362688,Technology,Software - Infrastructure,2025-07-21T07:03:44.172751
PLTR,2025-04-22,93.01499938964844,96.33999633789062,91.3499984741211,93.98999786376953,91185400.0,0.035132100273095324,,,,,362293362688,Technology,Software - Infrastructure,2025-07-21T07:03:44.172751
PLTR,2025-04-23,98.86000061035156,103.76000213623047,97.83000183105469,100.81999969482422,112909500.0,0.07266732616543092,,,,,362293362688,Technology,Software - Infrastructure,2025-07-21T07:03:44.172751
PLTR,2025-04-24,101.52999877929688,108.0,100.91000366210938,107.77999877929688,103190700.0,0.06903391296905514,,,,,362293362688,Technology,Software - Infrastructure,2025-07-21T07:03:44.172751
PLTR,2025-04-25,108.05000305175781,112.87999725341797,106.55000305175781,112.77999877929688,103933800.0,0.046390796591476935,,,,,362293362688,Technology,Software - Infrastructure,2025-07-21T07:03:44.172751
PLTR,2025-04-28,113.77999877929688,114.86000061035156,108.87000274658203,114.6500015258789,111082900.0,0.0165809786027884,0.023485219625479194,,,,362293362688,Technology,Software - Infrastructure,2025-07-21T07:03:44.172751
PLTR,2025-04-29,113.9800033569336,117.2300033569336,113.23999786376953,116.08000183105469,79709000.0,0.012472745627072568,0.0282770643003712,,,,362293362688,Technology,Software - Infrastructure,2025-07-21T07:03:44.172751
PLTR,2025-04-30,111.61000061035156,118.77999877929688,110.54000091552734,118.44000244140625,109461700.0,0.020330811277780247,0.024130943922374488,,,,362293362688,Technology,Software - Infrastructure,2025-07-21T07:03:44.172751
PLTR,2025-05-01,120.04000091552734,120.19000244140625,116.0,116.19999694824219,90677600.0,-0.01891257554028014,0.02330265529349849,,,,362293362688,Technology,Software - Infrastructure,2025-07-21T07:03:44.172751
PLTR,2025-05-02,118.66000366210938,124.41999816894531,118.62999725341797,124.27999877929688,103094300.0,0.06953530157710497,0.03176630812975279,,,,362293362688,Technology,Software - Infrastructure,2025-07-21T07:03:44.172751
PLTR,2025-05-05,123.69999694824219,125.25499725341797,121.36000061035156,123.7699966430664,135961300.0,-0.00410365417798364,0.033616138388027385,,,,362293362688,Technology,Software - Infrastructure,2025-07-21T07:03:44.172751
PLTR,2025-05-06,112.70999908447266,113.91000366210938,105.31999969482422,108.86000061035156,201193400.0,-0.1204653505462473,0.06992853951880207,,,,362293362688,Technology,Software - Infrastructure,2025-07-21T07:03:44.172751
PLTR,2025-05-07,107.97000122070312,111.8499984741211,107.0,110.4800033569336,95428800.0,0.014881524320219164,0.0693637424437842,,,,362293362688,Technology,Software - Infrastructure,2025-07-21T07:03:44.172751
PLTR,2025-05-08,112.27999877929688,120.37999725341797,112.06999969482422,119.1500015258789,126966200.0,0.07847572325767116,0.0797653730020461,,,,362293362688,Technology,Software - Infrastructure,2025-07-21T07:03:44.172751
PLTR,2025-05-09,118.97000122070312,119.16000366210938,114.9000015258789,117.30000305175781,81005300.0,-0.015526634078299018,0.07195974654224836,,,,362293362688,Technology,Software - Infrastructure,2025-07-21T07:03:44.172751
PLTR,2025-05-12,120.77999877929688,120.93499755859375,115.01000213623047,118.45999908447266,94257300.0,0.009889138981548085,0.07248485391136475,,,,362293362688,Technology,Software - Infrastructure,2025-07-21T07:03:44.172751
PLTR,2025-05-13,119.91999816894531,130.60000610351562,119.30999755859375,128.10000610351562,147155400.0,0.08137774011097854,0.04365293383006269,,,,362293362688,Technology,Software - Infrastructure,2025-07-21T07:03:44.172751
PLTR,2025-05-14,129.00999450683594,133.49000549316406,127.55899810791016,130.17999267578125,96611500.0,0.016237209002041952,0.043509875285968204,,,,362293362688,Technology,Software - Infrastructure,2025-07-21T07:03:44.172751
PLTR,2025-05-15,128.3699951171875,130.1999969482422,125.73999786376953,128.1199951171875,69503000.0,-0.01582422549157969,0.03973473998532444,,,,362293362688,Technology,Software - Infrastructure,2025-07-21T07:03:44.172751
PLTR,2025-05-16,129.22999572753906,130.3300018310547,126.76000213623047,129.52000427246094,57003700.0,0.010927327572818779,0.03622134769952488,,115.48800010681153,,362293362688,Technology,Software - Infrastructure,2025-07-21T07:03:44.172751
PLTR,2025-05-19,124.71499633789062,127.7699966430664,124.31999969482422,126.33000183105469,72503900.0,-0.024629418901930378,0.041638900225620654,0.047182018498586,117.26450004577637,,362293362688,Technology,Software - Infrastructure,2025-07-21T07:03:44.172751
PLTR,2025-05-20,127.22000122070312,128.1999969482422,124.6500015258789,125.58999633789062,61265300.0,-0.005857717742723478,0.01732815990846039,0.047276189576989036,118.84449996948243,,362293362688,Technology,Software - Infrastructure,2025-07-21T07:03:44.172751
PLTR,2025-05-21,125.16000366210938,127.11000061035156,119.41000366210938,120.58000183105469,80657700.0,-0.03989166854784287,0.019162415405190623,0.04683204180203119,119.83250007629394,,362293362688,Technology,Software - Infrastructure,2025-07-21T07:03:44.172751
PLTR,2025-05-22,121.94999694824219,126.33000183105469,121.375,122.29000091552734,75498300.0,0.014181448486528803,0.023145794508115634,0.04475586514937265,120.55800018310546,,362293362688,Technology,Software - Infrastructure,2025-07-21T07:03:44.172751
PLTR,2025-05-23,120.87999725341797,125.54000091552734,120.68000030517578,123.30999755859375,65905800.0,0.008340801663506259,0.022610278821758967,0.04380550858971504,121.08450012207031,,362293362688,Technology,Software - Infrastructure,2025-07-21T07:03:44.172751
PLTR,2025-05-27,126.81999969482422,127.87999725341797,120.87999725341797,123.38999938964844,86455200.0,0.0006487862512256637,0.021182569940315275,0.04373630802990368,121.5215000152588,,362293362688,Technology,Software - Infrastructure,2025-07-21T07:03:44.172751
PLTR,2025-05-28,124.2300033569336,125.6500015258789,122.91000366210938,123.76000213623047,64866000.0,0.002998644528829475,0.021411339734301336,0.04369789057236683,121.90550003051757,,362293362688,Technology,Software - Infrastructure,2025-07-21T07:03:44.172751
PLTR,2025-05-29,125.3499984741211,126.47000122070312,121.52999877929688,122.31999969482422,62929100.0,-0.01163544292623031,0.00965958026255636,0.04365874858795102,122.09949989318848,,362293362688,Technology,Software - Infrastructure,2025-07-21T07:03:44.172751
PLTR,2025-05-30,123.52999877929688,131.94000244140625,122.75,131.77999877929688,185897600.0,0.07733812220466296,0.03531421417217868,0.04638990902415881,122.87849998474121,,362293362688,Technology,Software - Infrastructure,2025-07-21T07:03:44.172751
PLTR,2025-06-02,131.43499755859375,134.47999572753906,128.86000061035156,132.0399932861328,93218700.0,0.0019729436124169553,0.03575079852378207,0.044022377954926764,123.26649971008301,,362293362688,Technology,Software - Infrastructure,2025-07-21T07:03:44.172751
PLTR,2025-06-03,133.07000732421875,135.27999877929688,130.10000610351562,133.1699981689453,91297700.0,0.008558050138367967,0.03516795859439378,0.04399124180423234,123.73649978637695,,362293362688,Technology,Software - Infrastructure,2025-07-21T07:03:44.172751
PLTR,2025-06-04,132.8000030517578,132.9499969482422,125.58000183105469,130.00999450683594,97306300.0,-0.023729095934209243,0.039387260876999675,0.03360974747239224,124.79399948120117,,362293362688,Technology,Software - Infrastructure,2025-07-21T07:03:44.172751
PLTR,2025-06-05,129.27000427246094,132.85000610351562,118.93000030517578,119.91000366210938,131055900.0,-0.07768626468325479,0.05616903826890525,0.03879433326831756,125.26549949645997,,362293362688,Technology,Software - Infrastructure,2025-07-21T07:03:44.172751
PLTR,2025-06-06,123.7300033569336,128.1300048828125,121.91999816894531,127.72000122070312,87175100.0,0.065132160120696,0.05192523831069685,0.03755569981757673,125.69399948120117,,362293362688,Technology,Software - Infrastructure,2025-07-21T07:03:44.172751
PLTR,2025-06-09,127.07499694824219,132.22999572753906,124.80000305175781,132.05999755859375,74785600.0,0.03398055352654605,0.05491019081796585,0.037821747296176766,126.43199920654297,,362293362688,Technology,Software - Infrastructure,2025-07-21T07:03:44.172751
PLTR,2025-06-10,131.02000427246094,134.07000732421875,129.41000366210938,132.80999755859375,69308900.0,0.005679236815578692,0.05482945256260714,0.03781428896766509,127.14949913024903,,362293362688,Technology,Software - Infrastructure,2025-07-21T07:03:44.172751
PLTR,2025-06-11,133.9199981689453,140.0,132.99000549316406,136.38999938964844,97366000.0,0.026955815803514582,0.053866437988213306,0.03388986027930544,127.56399879455566,,362293362688,Technology,Software - Infrastructure,2025-07-21T07:03:44.172751
PLTR,2025-06-12,136.39999389648438,137.10000610351562,134.6300048828125,135.19000244140625,56248200.0,-0.008798276659668813,0.028327726301589192,0.03386417031203279,127.81449928283692,,362293362688,Technology,Software - Infrastructure,2025-07-21T07:03:44.172751
PLTR,2025-06-13,133.81500244140625,139.99000549316406,133.35000610351562,137.39999389648438,93519000.0,0.016347299468656873,0.01701553105925149,0.033715047364997724,128.27849922180175,,362293362688,Technology,Software - Infrastructure,2025-07-21T07:03:44.172751
PLTR,2025-06-16,140.02999877929688,144.86000061035156,139.81199645996094,141.41000366210938,80779800.0,0.02918493408846934,0.01575485710840706,0.03415559487998087,128.87299919128418,,362293362688,Technology,Software - Infrastructure,2025-07-21T07:03:44.172751
PLTR,2025-06-17,141.48500061035156,141.69000244140625,136.0800018310547,138.1999969482422,70479100.0,-0.02269999738870887,0.022925301529624208,0.03407025653706636,129.46649894714355,,362293362688,Technology,Software - Infrastructure,2025-07-21T07:03:44.172751
PLTR,2025-06-18,139.0399932861328,140.36000061035156,137.49000549316406,139.9600067138672,58260200.0,0.012735237369680519,0.020800014554397582,0.0340105456500579,130.18499946594238,,362293362688,Technology,Software - Infrastructure,2025-07-21T07:03:44.172751
PLTR,2025-06-20,140.69000244140625,142.24000549316406,136.74200439453125,137.3000030517578,87067000.0,-0.019005455376602365,0.022928246634508674,0.032827981204572795,131.02099952697753,,362293362688,Technology,Software - Infrastructure,2025-07-21T07:03:44.172751
PLTR,2025-06-23,138.89999389648438,142.14999389648438,135.9600067138672,139.9199981689453,70501100.0,0.019082265542265553,0.02334578121546476,0.03290241783701621,131.90249938964843,,362293362688,Technology,Software - Infrastructure,2025-07-21T07:03:44.172751
PLTR,2025-06-24,140.97999572753906,143.66000366210938,137.8000030517578,143.22999572753906,58574200.0,0.023656357932460237,0.021934708814053343,0.033106248575822374,132.89849929809571,,362293362688,Technology,Software - Infrastructure,2025-07-21T07:03:44.172751
PLTR,2025-06-25,144.49000549316406,147.6699981689453,141.52999877929688,142.89999389648438,61435300.0,-0.0023039994477305203,0.017457210684288904,0.0331474835885157,133.8739990234375,,362293362688,Technology,Software - Infrastructure,2025-07-21T07:03:44.172751
PLTR,2025-06-26,144.85000610351562,148.21499633789062,142.91000366210938,144.25,69440500.0,0.00944720896554796,0.01723986292494575,0.033128777315108056,134.89849891662598,,362293362688,Technology,Software - Infrastructure,2025-07-21T07:03:44.172751
PLTR,2025-06-27,144.8699951171875,144.97000122070312,130.5399932861328,130.74000549316406,202598600.0,-0.09365680767303941,0.04849397447466326,0.040065424856173815,135.31949920654296,,362293362688,Technology,Software - Infrastructure,2025-07-21T07:03:44.172751
PLTR,2025-06-30,137.7899932861328,138.875,134.8000030517578,136.32000732421875,97305600.0,0.04268014071137882,0.05283453039214008,0.03739176136366431,135.54649963378907,,362293362688,Technology,Software - Infrastructure,2025-07-21T07:03:44.172751
PLTR,2025-07-01,135.27000427246094,136.32000732421875,128.50999450683594,130.67999267578125,91479700.0,-0.041373344669968226,0.0523150648217825,0.038651399889442356,135.47849960327147,125.41439971923828,362293362688,Technology,Software - Infrastructure,2025-07-21T07:03:44.172751
PLTR,2025-07-02,131.47000122070312,133.60000610351562,130.19000244140625,132.1199951171875,59732000.0,0.011019303046480244,0.053577450893973255,0.03868328565956185,135.4259994506836,126.24079956054688,362293362688,Technology,Software - Infrastructure,2025-07-21T07:03:44.172751
PLTR,2025-07-03,134.36000061035156,135.6199951171875,132.50999450683594,134.36000061035156,41812500.0,0.016954326187926583,0.054509073047140276,0.038420193405047244,135.64349975585938,127.04819961547851,362293362688,Technology,Software - Infrastructure,2025-07-21T07:03:44.172751
PLTR,2025-07-07,134.3800048828125,139.2899932861328,132.32000732421875,139.1199951171875,71959700.0,0.035427169434451455,0.033014739314204504,0.03409810644458187,136.60399932861327,127.81419952392578,362293362688,Technology,Software - Infrastructure,2025-07-21T07:03:44.172751
PLTR,2025-07-08,138.77499389648438,139.85499572753906,135.7899932861328,139.7100067138672,59834800.0,0.004241026576968343,0.028529335303805328,0.031337131495909325,137.2034996032715,128.45279968261718,362293362688,Technology,Software - Infrastructure,2025-07-21T07:03:44.172751
PLTR,2025-07-09,139.65499877929688,143.1699981689453,137.38999938964844,143.1300048828125,68494800.0,0.024479264222996067,0.012082220497443346,0.030943863613594507,137.75699996948242,129.0597998046875,362293362688,Technology,Software - Infrastructure,2025-07-21T07:03:44.172751
PLTR,2025-07-10,143.30999755859375,145.16000366210938,139.52999877929688,142.5,64383900.0,-0.004401626921820556,0.015831500402895764,0.0310057299510554,138.24150009155272,129.61679977416992,362293362688,Technology,Software - Infrastructure,2025-07-21T07:03:44.172751
PLTR,2025-07-11,142.11000061035156,144.5800018310547,141.47000122070312,142.10000610351562,52134800.0,-0.002806974712171062,0.01768581154706357,0.03055688221388774,138.5270004272461,130.13719985961913,362293362688,Technology,Software - Infrastructure,2025-07-21T07:03:44.172751
PLTR,2025-07-14,142.72000122070312,149.5749969482422,142.22000122070312,149.14999389648438,81774400.0,0.04961286059222991,0.022881049639396505,0.032168062163876236,139.225,130.7513996887207,362293362688,Technology,Software - Infrastructure,2025-07-21T07:03:44.172751
PLTR,2025-07-15,148.92999267578125,150.6199951171875,147.36000061035156,148.5800018310547,59126200.0,-0.0038216030087488972,0.024016490345308884,0.032123941263221566,139.78400039672852,131.39899978637695,362293362688,Technology,Software - Infrastructure,2025-07-21T07:03:44.172751
PLTR,2025-07-16,149.3000030517578,151.50999450683594,147.6739959716797,150.91000366210938,57550300.0,0.015681799719615475,0.02323944182272604,0.031715413640318255,140.2590003967285,131.9315998840332,362293362688,Technology,Software - Infrastructure,2025-07-21T07:03:44.172751
PLTR,2025-07-17,151.55999755859375,155.67999267578125,150.82000732421875,153.99000549316406,60165500.0,0.02040952724347478,0.021770375073405988,0.03128538043025321,141.04850082397462,132.53600006103517,362293362688,Technology,Software - Infrastructure,2025-07-21T07:03:44.172751
PLTR,2025-07-18,154.86000061035156,154.9199981689453,151.89999389648438,153.52000427246094,45682800.0,-0.0030521540615439102,0.021823018356618606,0.0313030799954937,141.72650070190429,133.42920013427735,362293362688,Technology,Software - Infrastructure,2025-07-21T07:03:44.172751
